Steps,Policy/Entropy,Policy/Extrinsic Value Estimate,Losses/Value Loss,Losses/Policy Loss,Policy/Learning Rate,Environment/Episode Length,Environment/Cumulative Reward,Policy/Extrinsic Reward,Is Training
3300000,1.0397005,0.55637664,0.01800139,0.017316388,0.0003000001,2475.5,20.523503184318542,20.523503184318542,1.0
3310000,1.0249994,0.46745738,None,None,None,None,None,None,1.0
3320000,1.101123,0.45491093,0.014103974,0.019237874,0.00030000004,3109.0,None,None,1.0
3330000,1.0714821,0.4508948,None,None,None,3617.5,20.34833679596583,20.34833679596583,1.0
3340000,1.1097996,0.4150343,None,None,None,None,None,None,1.0
3350000,1.1288217,0.40802476,0.011065956,0.021142527,0.0003000001,4167.5,20.387003699938457,20.387003699938457,1.0
3360000,1.030015,0.3676438,None,None,None,4574.0,20.025003564357757,20.025003564357757,1.0
3370000,1.0616392,0.29798442,0.011911889,0.016439851,0.0003,5101.0,None,None,1.0
3380000,1.0000763,0.5014519,None,None,None,5428.333333333333,19.381670931975048,19.381670931975048,1.0
3390000,0.9743545,0.3990092,None,None,None,5967.0,20.248503878712654,20.248503878712654,1.0
3400000,0.9630999,0.3663073,0.014435779,0.01694253,0.0003,3033.0,21.466003954410553,21.466003954410553,1.0
3410000,0.9220505,0.43256205,None,None,None,6367.5,19.88150319457054,19.88150319457054,1.0
3420000,1.020374,0.35278067,0.0145993335,0.018516056,0.00030000007,4399.0,20.10000467300415,20.10000467300415,1.0
3430000,1.0793489,0.45899987,None,None,None,None,None,None,1.0
3440000,1.0622176,0.43028,0.020682903,0.017591828,0.00030000004,4496.5,20.4625031799078,20.4625031799078,1.0
3450000,0.9295304,0.31521353,None,None,None,8017.0,17.882336695988972,17.882336695988972,1.0
3460000,0.97466093,0.4182829,None,None,None,2732.0,15.767002582550049,15.767002582550049,1.0
3470000,0.9624566,0.4905955,0.010979867,0.019835878,0.00030000004,3749.0,20.750004053115845,20.750004053115845,1.0
3480000,1.0298896,0.32055122,None,None,None,None,None,None,1.0
3490000,1.0233003,0.29799634,0.012746777,0.017002238,0.00030000004,3732.0,19.767004013061523,19.767004013061523,1.0
3500000,1.0320687,0.38376394,None,None,None,7257.5,17.789803260564803,17.789803260564803,1.0
3510000,0.950154,0.31249043,0.013373928,0.015623749,0.00030000004,4216.0,17.141503542661667,17.141503542661667,1.0
3520000,1.0171056,0.35854337,None,None,None,3265.0,19.234004080295563,19.234004080295563,1.0
3530000,1.0481074,0.48596898,0.013481855,0.012335324,0.00030000004,4082.0,19.417004346847534,19.417004346847534,1.0
3540000,1.0655581,0.30420434,None,None,None,5576.666666666667,18.255670309066772,18.255670309066772,1.0
3550000,1.0726497,0.29910555,0.011457499,0.01588818,0.00030000004,3311.75,20.312253788113594,20.312253788113594,1.0
3560000,1.0123796,0.3333514,None,None,None,3910.3333333333335,20.422004063924152,20.422004063924152,1.0
3570000,0.97611517,0.45919457,0.0149499485,0.017072123,0.00030000004,None,None,None,1.0
3580000,1.0235614,0.31355438,None,None,None,6957.5,18.04150377213955,18.04150377213955,1.0
3590000,0.9818547,0.4362123,0.014401486,0.018421063,0.00030000004,6582.5,17.416503459215164,17.416503459215164,1.0
3600000,0.9939522,0.343779,None,None,None,None,None,None,1.0
3610000,1.0595713,0.40954936,0.014866098,0.0171889,0.00030000004,6941.5,20.615004062652588,20.615004062652588,1.0
3620000,1.0782223,0.3810133,None,None,None,2799.0,17.100003607571125,17.100003607571125,1.0
3630000,1.0665951,0.29471213,None,None,None,5760.0,18.239003092050552,18.239003092050552,1.0
3640000,1.0501844,0.32040438,0.013742801,0.015059976,0.00030000004,3382.5,19.616503655910492,19.616503655910492,1.0
3650000,1.0766848,0.31992957,None,None,None,3765.75,20.48325376212597,20.48325376212597,1.0
3660000,1.0675403,0.39236253,0.012906775,0.016077932,0.00030000004,5549.0,21.95000422000885,21.95000422000885,1.0
3670000,1.0460403,0.3545861,None,None,None,7449.0,19.075003027915955,19.075003027915955,1.0
3680000,1.0108044,0.41591468,0.013907929,0.016476179,0.00030000004,6699.0,17.033337026834488,17.033337026834488,1.0
3690000,1.0359037,0.28142658,None,None,None,4115.0,19.384003162384033,19.384003162384033,1.0
3700000,1.0844694,0.43119797,0.011742924,0.016380016,0.00030000004,None,None,None,1.0
3710000,1.0404061,0.35973918,None,None,None,5321.666666666667,20.766003236174583,20.766003236174583,1.0
3720000,1.0503476,0.27663648,0.015012127,0.018717611,0.00030000004,4849.0,19.433336555957794,19.433336555957794,1.0
3730000,1.0227485,0.3559767,None,None,None,3566.0,21.183003664016724,21.183003664016724,1.0
3740000,1.0596752,0.37709418,0.012917099,0.015133506,0.00030000004,5582.0,17.91700279712677,17.91700279712677,1.0
3750000,1.025688,0.2952819,None,None,None,None,None,None,1.0
3760000,1.0393744,0.3841675,0.011144925,0.01621649,0.00030000004,7015.5,20.467003405094147,20.467003405094147,1.0
3770000,0.98369104,0.26158783,None,None,None,6798.8,13.000169545412064,13.000169545412064,1.0
3780000,1.0059727,0.30699992,0.01162649,0.018399034,0.00030000004,3615.0,19.88400411605835,19.88400411605835,1.0
3790000,0.9684682,0.4149092,None,None,None,5499.0,19.0000036607186,19.0000036607186,1.0
3800000,0.9570054,0.41036096,0.013438753,0.019015523,0.00030000004,2799.0,22.20000410079956,22.20000410079956,1.0
3810000,0.9910767,0.4280754,None,None,None,9999.0,13.000003397464752,13.000003397464752,1.0
3820000,1.0118349,0.33538815,0.011667956,0.021162909,0.00030000004,4110.0,20.866503655910492,20.866503655910492,1.0
3830000,0.97150785,0.48863333,None,None,None,7766.0,20.434002697467804,20.434002697467804,1.0
3840000,0.9873743,0.35881764,None,None,None,4816.0,18.708004355430603,18.708004355430603,1.0
3850000,1.0380254,0.42971784,0.015480735,0.016696362,0.00030000004,4432.0,20.067004680633545,20.067004680633545,1.0
3860000,0.9866025,0.3287481,None,None,None,4836.25,19.017003084222477,19.017003084222477,1.0
3870000,0.95526636,0.36378413,0.013283726,0.017816275,0.00030000004,5378.5,19.816403114795683,19.816403114795683,1.0
3880000,0.9128496,0.36009967,None,None,None,3790.75,20.833253160119057,20.833253160119057,1.0
3890000,0.8827216,0.49767864,0.012860301,0.017225426,0.00030000004,4290.5,17.667004108428955,17.667004108428955,1.0
3900000,0.86660844,0.3930159,None,None,None,3607.5,19.011004428068798,19.011004428068798,1.0
3910000,0.8361546,0.4476765,0.018295992,0.021194216,0.00030000004,4765.5,17.10850340127945,17.10850340127945,1.0
3920000,0.7527239,0.5216466,None,None,None,5232.0,20.534002780914307,20.534002780914307,1.0
3930000,0.8474936,0.42689854,0.017908227,0.021374673,0.00030000004,9999.0,15.000003397464752,15.000003397464752,1.0
3940000,0.8676986,0.5138378,None,None,None,3749.0,19.750003933906555,19.750003933906555,1.0
3950000,0.9025635,0.36953798,0.016758746,0.019143758,0.00030000004,None,None,None,1.0
3960000,0.8460263,0.3788011,None,None,None,3312.2,20.78680399656296,20.78680399656296,1.0
3970000,0.85657656,0.39283744,0.016181277,0.01889735,0.00030000004,4538.0,19.961003839969635,19.961003839969635,1.0
3980000,0.8631085,0.30970073,None,None,None,9999.0,16.000002950429916,16.000002950429916,1.0
3990000,0.8895869,0.4744297,0.014804494,0.012853978,0.00030000004,4141.0,20.858003944158554,20.858003944158554,1.0
4000000,0.9152865,0.41343403,None,None,None,None,21.108003735542297,21.108003735542297,1.0
4010000,0.8772454,0.3638687,0.014674003,0.01472169,0.00030000004,3904.6666666666665,20.41650401055813,20.41650401055813,1.0
4020000,0.8879706,0.45540714,None,None,None,None,19.45000332593918,19.45000332593918,1.0
4030000,0.88767695,0.3473715,None,None,None,2541.0,21.458003163337708,21.458003163337708,1.0
4040000,0.88467634,0.3799651,0.01351164,0.014087076,0.00030000004,3954.6666666666665,19.877670685450237,19.877670685450237,1.0
4050000,0.88941824,0.37696913,None,None,None,3116.0,19.383004426956177,19.383004426956177,1.0
4060000,0.9102306,0.4062296,0.01366474,0.016134104,0.00030000004,4149.0,21.100003480911255,21.100003480911255,1.0
4070000,0.91421616,0.41752777,None,None,None,None,None,None,1.0
4080000,0.93438864,0.37100545,0.01227039,0.016639944,0.00030000004,3649.0,20.350003480911255,20.350003480911255,1.0
4090000,0.88971895,0.34318435,None,None,None,4259.666666666667,20.23933716615041,20.23933716615041,1.0
4100000,0.8474803,0.35656393,0.010703339,0.023930391,0.00030000004,3157.0,21.342003852128983,21.342003852128983,1.0
4110000,0.8415623,0.37142345,None,None,None,6682.5,17.066502630710602,17.066502630710602,1.0
4120000,0.90331185,0.4126716,0.0116166165,0.01607901,0.00030000004,5687.666666666667,19.144669989744823,19.144669989744823,1.0
4130000,0.9264346,0.3735432,None,None,None,9999.0,16.50000250339508,16.50000250339508,1.0
4140000,0.8664923,0.41415507,0.013185322,0.018296953,0.00030000004,3449.0,17.275003761053085,17.275003761053085,1.0
4150000,0.83763903,0.35312435,None,None,None,3899.0,None,None,1.0
4160000,0.8412591,0.4527053,None,None,None,9999.0,16.800003588199615,16.800003588199615,1.0
4170000,0.8217506,0.37942734,0.0136003895,0.016718013,0.00030000004,4574.0,20.316004276275635,20.316004276275635,1.0
4180000,0.9042881,0.2937282,None,None,None,5236.75,18.604253724217415,18.604253724217415,1.0
4190000,0.85996526,0.390792,0.013039608,0.020806842,0.00030000004,6532.5,18.86633676290512,18.86633676290512,1.0
4200000,0.8156422,0.35323983,None,None,None,3874.0,20.875004172325134,20.875004172325134,1.0
4210000,0.8066134,0.44986233,0.016063998,0.015715128,0.00030000004,5592.4,13.906602770090103,13.906602770090103,1.0
4220000,0.8309638,0.36866778,None,None,None,5024.0,20.72500389814377,20.72500389814377,1.0
4230000,0.8962137,0.400655,0.015190304,0.015180216,0.00030000004,3549.0,20.950003623962402,20.950003623962402,1.0
4240000,0.92459095,0.5052053,None,None,None,3232.0,20.267003536224365,20.267003536224365,1.0
4250000,0.9713539,0.37555215,0.014032801,0.016131727,0.00030000004,9999.0,16.00000235438347,16.00000235438347,1.0
4260000,0.8904327,0.36978298,None,None,None,6624.0,16.12500388920307,16.12500388920307,1.0
4270000,0.8738948,0.34335697,0.01224476,0.017643252,0.00030000004,None,None,None,1.0
4280000,0.92759824,0.3519671,None,None,None,4276.666666666667,21.055670499801636,21.055670499801636,1.0
4290000,0.90431964,0.36305484,0.0120847225,0.018445183,0.00030000004,3416.0,21.083004474639893,21.083004474639893,1.0
4300000,0.96932036,0.35014987,None,None,None,3899.0,19.805670857429504,19.805670857429504,1.0
4310000,0.93733823,0.41199613,None,None,None,9999.0,-3.499999523162842,-3.499999523162842,1.0
4320000,0.90780175,0.3023671,0.010541631,0.016484438,0.0003,3782.0,20.71700429916382,20.71700429916382,1.0
4330000,0.8377245,0.36503264,None,None,None,4449.0,20.55000364780426,20.55000364780426,1.0
4340000,0.84525627,0.38668633,0.013697907,0.017930677,0.00030000004,4574.0,20.925003170967102,20.925003170967102,1.0
4350000,0.8837497,0.3902378,None,None,None,3232.0,21.01700258255005,21.01700258255005,1.0
4360000,0.83522755,0.35172158,0.013745771,0.018277105,0.00030000004,5605.0,19.72733720143636,19.72733720143636,1.0
4370000,0.81977016,0.37270957,None,None,None,6640.5,16.858503073453903,16.858503073453903,1.0
4380000,0.83643895,0.40232763,0.015170986,0.015448549,0.00030000004,3538.0,20.294336875279743,20.294336875279743,1.0
4390000,0.89088225,0.4554626,None,None,None,9999.0,15.000004053115845,15.000004053115845,1.0
4400000,0.8920015,0.32745484,0.015941419,0.015357757,0.00030000004,5249.0,20.250003218650818,20.250003218650818,1.0
4410000,0.8689783,0.40525073,None,None,None,7299.0,17.700003519654274,17.700003519654274,1.0
4420000,0.9169988,0.3218641,0.015023957,0.018255655,0.00030000004,9666.0,14.833002269268036,14.833002269268036,1.0
4430000,0.9554256,0.32212177,None,None,None,3582.3333333333335,20.250004172325134,20.250004172325134,1.0
4440000,0.96445656,0.38052374,0.011838035,0.018635977,0.00030000004,None,None,None,1.0
4450000,0.87507284,0.26548493,None,None,None,6857.5,5.641500949859619,5.641500949859619,1.0
4460000,0.83956397,0.33152968,0.012250408,0.015968835,0.00030000004,4732.333333333333,19.400003507733345,19.400003507733345,1.0
4470000,0.8040908,0.24344482,None,None,None,3865.3333333333335,20.97525341808796,20.97525341808796,1.0
4480000,0.8038322,0.39568472,0.01206575,0.022342559,0.00030000004,7949.0,10.250001564621925,10.250001564621925,1.0
4490000,0.7576676,0.38892296,None,None,None,9999.0,7.075001567602158,7.075001567602158,1.0
4500000,0.7840217,0.37509677,None,None,None,None,None,None,1.0
4510000,0.8376905,0.39947549,0.0141491,0.014978903,0.00030000004,4349.5,21.149504110217094,21.149504110217094,1.0
4520000,0.8565154,0.3836796,None,None,None,4049.0,20.950003504753113,20.950003504753113,1.0
4530000,0.8021643,0.37545726,0.01673607,0.020906061,0.00030000004,3399.0,20.100003480911255,20.100003480911255,1.0
4540000,0.75795615,0.35223508,None,None,None,5140.5,19.358502626419067,19.358502626419067,1.0
4550000,0.810311,0.35050803,0.014850269,0.016674658,0.00030000004,6240.5,21.017003536224365,21.017003536224365,1.0
4560000,0.75597286,0.39572498,None,None,None,4776.833333333333,19.333289516823633,19.333289516823633,1.0
4570000,0.7695877,0.39371204,0.013594611,0.019279327,0.00030000004,4032.0,23.46700292825699,23.46700292825699,1.0
4580000,0.79963845,0.40160492,None,None,None,7157.5,15.341503761708736,15.341503761708736,1.0
4590000,0.7987133,0.4391366,0.012676269,0.015448396,0.00030000004,5815.666666666667,18.683336695035297,18.683336695035297,1.0
4600000,0.7881953,0.33060616,None,None,None,9082.0,18.91700392961502,18.91700392961502,1.0
4610000,0.8182051,0.46764526,0.014991383,0.018523673,0.00030000004,None,None,None,1.0
4620000,0.8902642,0.47803718,None,None,None,2549.0,None,None,1.0
4630000,0.85521954,0.32534304,0.013512586,0.020857243,0.00030000004,3982.5,19.994336764017742,19.994336764017742,1.0
4640000,0.9521138,0.31571954,None,None,None,3510.3333333333335,19.655337194601696,19.655337194601696,1.0
4650000,0.97690785,0.3879226,0.011758924,0.016667549,0.00030000004,3771.3333333333335,19.394336740175884,19.394336740175884,1.0
4660000,0.85922056,0.27834812,None,None,None,6765.5,17.983503311872482,17.983503311872482,1.0
4670000,0.7359373,0.41259363,0.01324569,0.01717457,0.00030000004,5893.666666666667,18.272003531455994,18.272003531455994,1.0
4680000,0.7579166,0.37511218,None,None,None,3948.5,19.550503984093666,19.550503984093666,1.0
4690000,0.7179032,0.3632041,None,None,None,3232.3333333333335,20.933336973190308,20.933336973190308,1.0
4700000,0.70990187,0.43226257,0.014820754,0.01966083,0.00030000004,5274.0,18.97500468790531,18.97500468790531,1.0
4710000,0.6886371,0.4125385,None,None,None,7691.0,18.55800324678421,18.55800324678421,1.0
4720000,0.7202448,0.45708752,0.015842188,0.017254895,0.00030000004,3390.5,20.108503572642803,20.108503572642803,1.0
4730000,0.78662616,0.46783742,None,None,None,None,None,None,1.0
4740000,0.66503304,0.28916958,0.019255191,0.017190987,0.00030000004,5860.333333333333,12.63866893450419,12.63866893450419,1.0
4750000,0.6695723,0.47879452,None,None,None,2683.0,20.816004276275635,20.816004276275635,1.0
4760000,0.7016052,0.3632431,0.018114004,0.013079113,0.00030000004,4594.142857142857,19.641837000846863,19.641837000846863,1.0
4770000,0.69501066,0.38897556,None,None,None,None,20.483004093170166,20.483004093170166,1.0
4780000,0.71905226,0.46326783,0.0172289,0.017062144,0.00030000004,3499.3333333333335,20.883003413677216,20.883003413677216,1.0
4790000,0.75496936,0.39399222,None,None,None,6374.0,18.82767079770565,18.82767079770565,1.0
4800000,0.7514902,0.3785774,0.012708813,0.022657318,0.00030000004,None,None,None,1.0
4810000,0.7734487,0.55218303,None,None,None,3449.0,21.55000400543213,21.55000400543213,1.0
4820000,0.7701886,0.34933403,0.01532798,0.01645812,0.00030000004,6615.666666666667,20.57500395178795,20.57500395178795,1.0
4830000,0.8116429,0.28760308,None,None,None,6232.0,11.633502423763275,11.633502423763275,1.0
4840000,0.837882,0.42965013,None,None,None,9999.0,15.000002712011337,15.000002712011337,1.0
4850000,0.7608309,0.3886527,0.0127136065,0.013865133,0.00030000004,3982.0,19.517003774642944,19.517003774642944,1.0
4860000,0.8136495,0.3503705,None,None,None,4065.5,19.683504223823547,19.683504223823547,1.0
4870000,0.72216606,0.35025463,0.011770154,0.0213014,0.00030000004,3332.0,20.167004346847534,20.167004346847534,1.0
4880000,0.7471605,0.3477517,None,None,None,3890.5,20.108504116535187,20.108504116535187,1.0
4890000,0.77137214,0.3486809,0.011608208,0.015519252,0.00030000004,4004.0,18.63400411605835,18.63400411605835,1.0
4900000,0.7867525,0.2819927,None,None,None,4691.0,19.491753797978163,19.491753797978163,1.0
4910000,0.77610844,0.35324225,0.011549276,0.018760119,0.00030000004,None,None,None,1.0
4920000,0.7760625,0.38124982,None,None,None,3116.0,19.883002817630768,19.883002817630768,1.0
4930000,0.75334895,0.28282267,0.014365673,0.017602166,0.00030000004,9999.0,13.00000274181366,13.00000274181366,1.0
4940000,0.78287905,0.2866773,None,None,None,7299.0,17.200003385543823,17.200003385543823,1.0
4950000,0.8367337,0.3520967,0.011490303,0.02027667,0.00030000004,None,None,None,1.0
4960000,0.81404185,0.35397163,None,None,None,6399.0,18.70000410079956,18.70000410079956,1.0
4970000,0.7917448,0.18181427,0.011499741,0.013217044,0.00030000004,5103.25,16.455670207738876,16.455670207738876,1.0
4980000,0.81153584,0.27111414,None,None,None,7760.333333333333,19.608003824949265,19.608003824949265,1.0
4990000,0.7419188,0.36487103,0.012964472,0.014838664,0.00030000004,5486.75,17.509803169965743,17.509803169965743,1.0
5000000,0.7001688,0.26771292,None,None,None,3361.25,20.637753441929817,20.637753441929817,1.0
5010000,0.6869822,0.4007629,None,None,None,None,None,None,1.0
5020000,0.68946373,0.4564166,0.013510893,0.013888662,0.00030000004,7671.0,16.161337206761043,16.161337206761043,1.0
5030000,0.6624527,0.50216424,None,None,None,8990.5,15.258503943681717,15.258503943681717,1.0
5040000,0.6793171,0.3212937,0.01736045,0.020486144,0.00030000004,3432.5,20.56650310754776,20.56650310754776,1.0
5050000,0.70502377,0.4670029,None,None,None,2965.0,21.534002780914307,21.534002780914307,1.0
5060000,0.69460535,0.42790347,0.018174728,0.015886838,0.00030000004,6507.0,17.492003589868546,17.492003589868546,1.0
5070000,0.6926398,0.3613776,None,None,None,3012.2,20.158504351973534,20.158504351973534,1.0
5080000,0.7034783,0.40242958,0.015463829,0.018884521,0.00030000004,None,21.80000388622284,21.80000388622284,1.0
5090000,0.7358521,0.36469638,None,None,None,5982.333333333333,17.683336695035297,17.683336695035297,1.0
5100000,0.6534266,0.50901836,0.013108643,0.017949214,0.00030000004,3737.6666666666665,20.761337220668793,20.761337220668793,1.0
5110000,0.651136,0.3332221,None,None,None,9999.0,16.500004082918167,16.500004082918167,1.0
5120000,0.6833851,0.42567366,0.016428163,0.0150328735,0.00030000004,4395.0,18.48320308327675,18.48320308327675,1.0
5130000,0.6684635,0.49302334,None,None,None,2733.0,19.26600217819214,19.26600217819214,1.0
5140000,0.6515557,0.44759598,0.018172022,0.017941752,0.00030000004,None,None,None,1.0
5150000,0.64210147,0.47595054,None,None,None,3366.0,20.133004426956177,20.133004426956177,1.0
5160000,0.7566439,0.35041308,0.01687067,0.021096772,0.00030000004,3699.0,None,None,1.0
5170000,0.7946574,0.38798955,None,None,None,None,19.80000376701355,19.80000376701355,1.0
5180000,0.735095,0.33868963,0.013606701,0.013541115,0.00030000004,4028.0,20.18367075920105,20.18367075920105,1.0
5190000,0.6905198,0.25587556,None,None,None,4466.0,20.983003616333008,20.983003616333008,1.0
5200000,0.6819625,0.33728424,None,None,None,3782.5,20.716503620147705,20.716503620147705,1.0
5210000,0.66242594,0.33996892,0.01254553,0.019284904,0.00030000004,5711.25,19.287753865122795,19.287753865122795,1.0
5220000,0.63629586,0.3680739,None,None,None,3521.0,20.584003746509552,20.584003746509552,1.0
5230000,0.68459153,0.4121203,0.015228558,0.01922983,0.00030000004,4332.0,19.46650379896164,19.46650379896164,1.0
5240000,0.77154136,0.46414375,None,None,None,None,None,None,1.0
5250000,0.7851876,0.38591522,0.016894663,0.015735695,0.00030000004,7982.5,18.51650346815586,18.51650346815586,1.0
5260000,0.7128703,0.39868146,None,None,None,3657.5,20.341503977775574,20.341503977775574,1.0
5270000,0.7144917,0.3388928,0.01535009,0.020249967,0.00030000004,None,None,None,1.0
5280000,0.72191554,0.3771551,None,None,None,3559.2,20.3398037314415,20.3398037314415,1.0
5290000,0.66928744,0.3262882,0.013018515,0.016853053,0.00030000004,6649.333333333333,18.34967029094696,18.34967029094696,1.0
5300000,0.61801726,0.2915431,None,None,None,6795.0,16.329003646969795,16.329003646969795,1.0
5310000,0.6341061,0.57811016,0.014455854,0.017971873,0.00030000004,None,None,None,1.0
5320000,0.69754994,0.47286734,None,None,None,None,None,None,1.0
5330000,0.7136236,0.4308444,0.015210726,0.017762866,0.00030000004,None,None,None,1.0
5340000,0.7479929,0.32390115,None,None,None,5555.6,17.46675354242325,17.46675354242325,1.0
5350000,0.6388583,0.41412,0.014136995,0.018064696,0.00030000004,4593.333333333333,19.891753785312176,19.891753785312176,1.0
5360000,0.64623195,0.32394075,None,None,None,3249.0,21.250003933906555,21.250003933906555,1.0
5370000,0.67948073,0.4839386,0.014975709,0.016724126,0.00030000004,3507.0,20.517003536224365,20.517003536224365,1.0
5380000,0.7066871,0.4204197,None,None,None,None,20.96700358390808,20.96700358390808,1.0
5390000,0.6572217,0.3317632,0.014531347,0.016897915,0.00030000004,4596.428571428572,19.259717992373876,19.259717992373876,1.0
5400000,0.6098041,0.39942184,None,None,None,7716.0,19.783004373311996,19.783004373311996,1.0
5410000,0.65241,0.60534847,None,None,None,2816.0,None,None,1.0
5420000,0.66741776,0.42076916,0.017372554,0.01883926,0.00030000004,None,19.183003425598145,19.183003425598145,1.0
5430000,0.71206653,0.3546566,None,None,None,5165.0,19.33400286734104,19.33400286734104,1.0
5440000,0.70337975,0.43156472,0.013240802,0.019408548,0.00030000004,5466.0,20.533003747463226,20.533003747463226,1.0
5450000,0.7668832,0.33857206,None,None,None,3371.0,20.461337745189667,20.461337745189667,1.0
5460000,0.65507627,0.30763766,0.011626561,0.016114704,0.00030000004,5640.75,19.858254000544548,19.858254000544548,1.0
5470000,0.6377682,0.38846713,None,None,None,5371.333333333333,19.461003919442494,19.461003919442494,1.0
5480000,0.6441393,0.45657006,0.013354499,0.016466107,0.0003,4149.333333333333,20.349670827388763,20.349670827388763,1.0
5490000,0.6923056,0.371974,None,None,None,4616.0,19.883003756403923,19.883003756403923,1.0
5500000,0.70977265,0.41259202,0.016203724,0.017395485,0.00030000004,4266.0,20.233003586530685,20.233003586530685,1.0
5510000,0.6710253,0.4711164,None,None,None,None,None,None,1.0
5520000,0.70187646,0.37148154,None,None,None,6732.6,17.166403925418855,17.166403925418855,1.0
5530000,0.74554145,0.338895,0.0150305135,0.014284585,0.00030000004,None,None,None,1.0
5540000,0.78077656,0.46974277,None,None,None,5933.0,None,None,1.0
5550000,0.7754982,0.33347914,0.014888699,0.016768044,0.00030000004,4038.0,20.237254112958908,20.237254112958908,1.0
5560000,0.68054765,0.2876805,None,None,None,6211.25,17.787752866744995,17.787752866744995,1.0
5570000,0.6943189,0.38231567,0.011904782,0.019993432,0.00030000004,3478.0,20.896003738045692,20.896003738045692,1.0
5580000,0.5986733,0.4214568,None,None,None,4154.666666666667,21.011004353562992,21.011004353562992,1.0
5590000,0.6735579,0.47106257,0.01712501,0.016537078,0.00030000004,4276.666666666667,20.72233768304189,20.72233768304189,1.0
5600000,0.60488725,0.54519665,None,None,None,None,None,None,1.0
5610000,0.65325075,0.43680906,0.017192103,0.020051349,0.00030000004,4165.0,19.334004163742065,19.334004163742065,1.0
5620000,0.67818797,0.42940074,None,None,None,3982.0,20.517003178596497,20.517003178596497,1.0
5630000,0.63791,0.39386493,0.012932878,0.015021328,0.00030000004,3282.0,21.717002391815186,21.717002391815186,1.0
5640000,0.65033257,0.369322,None,None,None,3749.0,18.750003933906555,18.750003933906555,1.0
5650000,0.7172024,0.39008328,0.015826385,0.013837051,0.00030000004,3315.6666666666665,21.350003878275555,21.350003878275555,1.0
5660000,0.68522286,0.35368094,None,None,None,5518.333333333333,18.583403956890105,18.583403956890105,1.0
5670000,0.56750464,0.3939023,0.012355345,0.015642678,0.00030000004,5182.2,18.066803371906282,18.066803371906282,1.0
5680000,0.61242735,0.44690636,None,None,None,3682.0,20.517004430294037,20.517004430294037,1.0
5690000,0.6564743,0.5971307,None,None,None,3549.5,21.199503660202026,21.199503660202026,1.0
5700000,0.6367113,0.48418266,0.01805244,0.015460303,0.00030000004,2933.0,None,None,1.0
5710000,0.6957983,0.4112966,None,None,None,None,19.566003799438477,19.566003799438477,1.0
5720000,0.64908063,0.49726847,0.015626293,0.015448421,0.00030000004,2899.0,20.600003242492676,20.600003242492676,1.0
5730000,0.71496004,0.38222367,None,None,None,7732.0,None,None,1.0
5740000,0.6656455,0.36546916,0.012824264,0.014523498,0.00030000004,3441.0,19.961003839969635,19.961003839969635,1.0
5750000,0.72706366,0.3854407,None,None,None,3233.0,20.26600432395935,20.26600432395935,1.0
5760000,0.72510165,0.41320798,0.012744005,0.017005004,0.00030000004,3957.0,20.04200306534767,20.04200306534767,1.0
5770000,0.6490894,0.33596453,None,None,None,3215.5,20.783503651618958,20.783503651618958,1.0
5780000,0.6309716,0.42593974,0.011478903,0.012131807,0.00030000004,5515.5,19.483504056930542,19.483504056930542,1.0
5790000,0.62555695,0.3896026,None,None,None,9999.0,4.500000476837158,4.500000476837158,1.0
5800000,0.62542146,0.44298288,0.011011443,0.019175477,0.00030000004,4865.666666666667,18.966670244932175,18.966670244932175,1.0
5810000,0.610369,0.37858382,None,None,None,4365.666666666667,20.30000340938568,20.30000340938568,1.0
5820000,0.61418205,0.38682988,0.01523099,0.018868528,0.00030000004,6166.0,None,None,1.0
5830000,0.7084138,0.4214106,None,None,None,7149.0,17.416503578424454,17.416503578424454,1.0
5840000,0.6168011,0.44976652,0.014088793,0.017173838,0.00030000004,5748.8,18.575170069932938,18.575170069932938,1.0
5850000,0.65781826,0.38830224,None,None,None,4583.0,20.416003942489624,20.416003942489624,1.0
5860000,0.67520106,0.5655248,0.01372612,0.01724244,0.00030000004,3940.5,19.500003576278687,19.500003576278687,1.0
5870000,0.7537003,0.44938093,None,None,None,None,20.617003798484802,20.617003798484802,1.0
5880000,0.7346654,0.37335023,0.012700994,0.016007213,0.00030000004,6110.0,18.055670619010925,18.055670619010925,1.0
5890000,0.7046988,0.34549794,None,None,None,4140.5,20.10850316286087,20.10850316286087,1.0
5900000,0.72156054,0.41733456,0.014911988,0.015988795,0.00030000004,3233.0,20.26600408554077,20.26600408554077,1.0
5910000,0.6906926,0.4111331,None,None,None,2949.0,20.550003051757812,20.550003051757812,1.0
5920000,0.72507834,0.34832603,None,None,None,6815.0,17.18400377035141,17.18400377035141,1.0
5930000,0.7387451,0.2934919,0.011918023,0.018014174,0.00030000004,3605.8,20.895753622055054,20.895753622055054,1.0
5940000,0.66830707,0.32555437,None,None,None,7386.25,11.966802376508713,11.966802376508713,1.0
5950000,0.6002963,0.40304136,0.011359581,0.016312214,0.00030000004,7215.5,19.067003786563873,19.067003786563873,1.0
5960000,0.5651906,0.4496244,None,None,None,None,13.500003337860107,13.500003337860107,1.0
5970000,0.5436054,0.4046793,0.011875624,0.021484682,0.00030000004,2899.0,21.600004196166992,21.600004196166992,1.0
5980000,0.6353216,0.40552968,None,None,None,4249.0,23.750004410743713,23.750004410743713,1.0
5990000,0.7071704,0.38667986,0.015751023,0.017869981,0.00030000004,3626.6666666666665,19.37233696381251,19.37233696381251,1.0
6000000,0.65184754,0.41775677,None,None,None,2978.25,20.770754389464855,20.770754389464855,1.0
6010000,0.6838544,0.23931696,0.013136325,0.019974321,0.00030000004,3174.0,21.575004279613495,21.575004279613495,1.0
6020000,0.7048925,0.4702998,None,None,None,None,None,None,1.0
6030000,0.6587303,0.33732307,0.012785251,0.016650867,0.00030000004,5019.75,18.104253262281418,18.104253262281418,1.0
6040000,0.6532621,0.36347774,None,None,None,3416.0,20.583003520965576,20.583003520965576,1.0
6050000,0.6637133,0.30601826,0.0100476425,0.018399952,0.00030000004,6049.0,18.450004279613495,18.450004279613495,1.0
6060000,0.67343533,0.40412623,None,None,None,9999.0,None,None,1.0
6070000,0.6678518,0.31720164,0.013954378,0.015941868,0.00030000004,3483.0,16.883003786206245,16.883003786206245,1.0
6080000,0.66115934,0.41868144,None,None,None,5276.666666666667,17.889003078142803,17.889003078142803,1.0
6090000,0.7011624,0.32255727,0.012248244,0.013947615,0.0003,None,None,None,1.0
6100000,0.65793973,0.3293752,None,None,None,5645.8,19.153203493356706,19.153203493356706,1.0
6110000,0.6100984,0.3777748,None,None,None,5339.2,13.459802967309951,13.459802967309951,1.0
6120000,0.5130357,0.3781577,0.011831226,0.021171058,0.00030000004,3849.0,20.650003910064697,20.650003910064697,1.0
6130000,0.5730456,0.55294967,None,None,None,None,None,None,1.0
6140000,0.58612984,0.49087802,0.018655537,0.019658066,0.00030000004,3966.0,17.533003211021423,17.533003211021423,1.0
6150000,0.5727499,0.3527229,None,None,None,7799.0,10.366669327020645,10.366669327020645,1.0
6160000,0.60998183,0.43214935,0.014997828,0.014829304,0.00030000004,3349.0,21.150005102157593,21.150005102157593,1.0
6170000,0.63495624,0.42055732,None,None,None,3849.0,19.65000319480896,19.65000319480896,1.0
6180000,0.63742584,0.43349126,0.018545888,0.015537395,0.00030000004,3677.0,20.988670587539673,20.988670587539673,1.0
6190000,0.60529625,0.39697054,None,None,None,3049.0,21.45000410079956,21.45000410079956,1.0
6200000,0.6187363,0.38496065,0.011520297,0.018337684,0.00030000004,4065.5,21.43350398540497,21.43350398540497,1.0
6210000,0.67815256,0.41530636,None,None,None,3771.0,20.89467030763626,20.89467030763626,1.0
6220000,0.5986887,0.3448123,0.013924953,0.020327453,0.00030000004,6107.5,20.491502046585083,20.491502046585083,1.0
6230000,0.5644162,0.43635085,None,None,None,4332.0,17.083337008953094,17.083337008953094,1.0
6240000,0.5915236,0.4600244,0.015618537,0.016780991,0.00030000004,5157.0,20.09200420975685,20.09200420975685,1.0
6250000,0.537456,0.45047885,None,None,None,9999.0,-1.9999995231628418,-1.9999995231628418,1.0
6260000,0.60046655,0.42976406,0.017948737,0.016197233,0.00030000004,2777.0,20.44150424003601,20.44150424003601,1.0
6270000,0.60079914,0.37821138,None,None,None,None,20.28300380706787,20.28300380706787,1.0
6280000,0.5098147,0.35803768,None,None,None,3591.0,22.158003956079483,22.158003956079483,1.0
6290000,0.59816104,0.4629702,0.01468897,0.015670583,0.00030000004,3855.4,19.94360339641571,19.94360339641571,1.0
6300000,0.59175277,0.36297342,None,None,None,9999.0,15.000003091990948,15.000003091990948,1.0
6310000,0.5673342,0.4530509,0.014557124,0.01744126,0.00030000004,None,None,None,1.0
6320000,0.5912964,0.4928726,None,None,None,3404.6666666666665,20.42767020066579,20.42767020066579,1.0
6330000,0.5849752,0.35006705,0.015339778,0.014238889,0.00030000004,7932.0,19.567003428936005,19.567003428936005,1.0
6340000,0.6615153,0.48306578,None,None,None,6399.0,16.100003391504288,16.100003391504288,1.0
6350000,0.57662284,0.43265846,0.015956441,0.015760291,0.00030000004,6321.0,19.84467041492462,19.84467041492462,1.0
6360000,0.56594193,0.3014948,None,None,None,3799.0,19.950004041194916,19.950004041194916,1.0
6370000,0.58088976,0.4786927,0.013727697,0.014052304,0.00030000004,2966.0,20.199670712153118,20.199670712153118,1.0
6380000,0.61108446,0.40483016,None,None,None,None,None,None,1.0
6390000,0.61167186,0.36822233,0.016812656,0.017160052,0.00030000004,5593.333333333333,19.07233687241872,19.07233687241872,1.0
6400000,0.5686562,0.48622876,None,None,None,None,None,None,1.0
6410000,0.52574676,0.41105956,0.01502099,0.01825359,0.00030000004,5543.333333333333,19.183502972126007,19.183502972126007,1.0
6420000,0.5901755,0.4009383,None,None,None,3573.5,18.1170036594073,18.1170036594073,1.0
6430000,0.6084266,0.3994757,0.015397857,0.019389302,0.00030000004,6641.0,18.108003981411457,18.108003981411457,1.0
6440000,0.6619481,0.38687897,None,None,None,None,None,None,1.0
6450000,0.6023894,0.38640186,0.012814411,0.014209925,0.00030000004,4024.8571428571427,20.045574954577855,20.045574954577855,1.0
6460000,0.59661657,0.3803565,None,None,None,2766.0,19.73300337791443,19.73300337791443,1.0
6470000,0.5771435,0.3864045,None,None,None,9999.0,14.500003278255463,14.500003278255463,1.0
6480000,0.5944919,0.5256932,0.015604138,0.016094765,0.00030000004,3532.0,20.967004358768463,20.967004358768463,1.0
6490000,0.57363683,0.35991302,None,None,None,4993.666666666667,20.172003984451294,20.172003984451294,1.0
6500000,0.62106645,0.44665653,0.013962941,0.020662425,0.00030000004,6424.25,18.949753411114216,18.949753411114216,1.0
6510000,0.6336274,0.43728867,None,None,None,5966.0,18.699669977029163,18.699669977029163,1.0
6520000,0.6323452,0.440523,0.015927874,0.02154514,0.00030000004,None,None,None,1.0
6530000,0.67152077,0.4046253,None,None,None,3524.5,20.474503681063652,20.474503681063652,1.0
6540000,0.64107126,0.4341255,0.014691419,0.017320804,0.00030000004,7082.0,18.417004138231277,18.417004138231277,1.0
6550000,0.6382054,0.34817415,None,None,None,3221.0,20.44466992219289,20.44466992219289,1.0
6560000,0.6582017,0.500725,0.013203458,0.01788325,0.00030000004,None,None,None,1.0
6570000,0.7151738,0.38431165,None,None,None,4916.0,18.266003847122192,18.266003847122192,1.0
6580000,0.6545174,0.36600244,0.013538039,0.016899018,0.00030000004,4057.0,20.033603942394258,20.033603942394258,1.0
6590000,0.6875066,0.36761424,None,None,None,6557.5,19.38300383090973,19.38300383090973,1.0
6600000,0.6255069,0.4262841,0.013834224,0.015894288,0.00030000004,5065.5,17.9556711713473,17.9556711713473,1.0
6610000,0.56734484,0.34637097,None,None,None,4240.5,20.258504539728165,20.258504539728165,1.0
6620000,0.60228187,0.4562893,0.011797543,0.015351711,0.00030000004,9999.0,16.000003397464752,16.000003397464752,1.0
6630000,0.68152213,0.42639604,None,None,None,None,None,None,1.0
6640000,0.60693717,0.32743958,0.014308992,0.017002733,0.00030000004,4057.25,19.191753700375557,19.191753700375557,1.0
6650000,0.5660235,0.4476593,None,None,None,3966.0,19.533002972602844,19.533002972602844,1.0
6660000,0.60217035,0.3207921,None,None,None,None,None,None,1.0
6670000,0.6961337,0.45509693,0.013104532,0.021829726,0.00030000004,4336.5,20.787503570318222,20.787503570318222,1.0
6680000,0.64685655,0.31944463,None,None,None,5688.0,17.9776695171992,17.9776695171992,1.0
6690000,0.6582116,0.29881266,0.014815471,0.018007312,0.00030000004,4232.0,20.267004311084747,20.267004311084747,1.0
6700000,0.6123021,0.37956774,None,None,None,5099.25,19.899753779172897,19.899753779172897,1.0
6710000,0.62489706,0.3964947,0.013980496,0.01496373,0.00030000004,6449.0,None,None,1.0
6720000,0.62071013,0.40817118,None,None,None,7565.5,15.139002919197083,15.139002919197083,1.0
6730000,0.642627,0.33083016,0.01265555,0.020195978,0.00030000004,None,None,None,1.0
6740000,0.64506227,0.48700848,None,None,None,6243.666666666667,18.922003984451294,18.922003984451294,1.0
6750000,0.74005896,0.3995587,0.012309742,0.021027606,0.00030000004,2624.0,20.87500286102295,20.87500286102295,1.0
6760000,0.7453437,0.25560182,None,None,None,8449.0,15.800003483891487,15.800003483891487,1.0
6770000,0.72346133,0.45488098,0.0135633815,0.020162862,0.00030000004,6249.0,16.583336328466732,16.583336328466732,1.0
6780000,0.67407995,0.36886698,None,None,None,4199.0,19.800003707408905,19.800003707408905,1.0
6790000,0.61671597,0.41226035,0.012025291,0.021786774,0.00030000004,3994.75,19.7542542219162,19.7542542219162,1.0
6800000,0.69235,0.4448744,None,None,None,5216.0,19.7830009162426,19.7830009162426,1.0
6810000,0.7601591,0.45545936,0.016313612,0.023439566,0.00030000004,3757.0,None,None,1.0
6820000,0.7688005,0.38479128,None,None,None,None,20.24200403690338,20.24200403690338,1.0
6830000,0.77099884,0.4249844,None,None,None,2607.0,20.142003059387207,20.142003059387207,1.0
6840000,0.7027848,0.37849224,0.012637522,0.021422058,0.00030000004,None,None,None,1.0
6850000,0.760173,0.32842618,None,None,None,None,None,None,1.0
6860000,0.7454396,0.40061656,0.0119039165,0.017954899,0.00030000004,None,None,None,1.0
6870000,0.78646874,0.30363917,None,None,None,6690.5,17.558503687381744,17.558503687381744,1.0
6880000,0.7632434,0.24558769,0.010270967,0.017016055,0.00030000004,3505.0,19.660670220851898,19.660670220851898,1.0
6890000,0.7320993,0.33885622,None,None,None,5078.25,19.420753449201584,19.420753449201584,1.0
6900000,0.7223653,0.23833883,0.011699049,0.019882716,0.00030000004,None,None,None,1.0
6910000,0.7280245,0.3305412,None,None,None,5193.166666666667,18.46020358800888,18.46020358800888,1.0
6920000,0.7078563,0.37470725,0.011809037,0.016614337,0.00030000004,None,18.53400421142578,18.53400421142578,1.0
6930000,0.7313988,0.36331266,None,None,None,None,None,None,1.0
6940000,0.72241575,0.444993,0.011271252,0.016351542,0.00030000004,4999.0,20.000004053115845,20.000004053115845,1.0
6950000,0.79353017,0.22652805,None,None,None,9999.0,9.250002264976501,9.250002264976501,1.0
6960000,0.75702995,0.3729685,0.010763769,0.015647927,0.00030000004,6574.0,16.67500340938568,16.67500340938568,1.0
6970000,0.6701873,0.41715834,None,None,None,2915.5,20.333504021167755,20.333504021167755,1.0
6980000,0.656934,0.21473558,0.011554938,0.02136712,0.00030000004,6828.25,11.795753002166748,11.795753002166748,1.0
6990000,0.61359173,0.5027159,None,None,None,3407.5,20.091502994298935,20.091502994298935,1.0
7000000,0.65723264,0.47752407,0.018819692,0.014606955,0.00030000004,3674.5,20.33300232887268,20.33300232887268,1.0
7010000,0.69253504,0.32804096,None,None,None,6232.2,17.941669950882595,17.941669950882595,1.0
7020000,0.72155994,0.4286018,None,None,None,None,None,None,1.0
7030000,0.63351536,0.389223,0.013627902,0.014909359,0.00030000004,7743.333333333333,12.755668818950653,12.755668818950653,1.0
7040000,0.56290364,0.48100922,None,None,None,7793.666666666667,16.538670420646667,16.538670420646667,1.0
7050000,0.6305942,0.3587381,0.017438205,0.015334439,0.00030000004,3190.5,20.308504104614258,20.308504104614258,1.0
7060000,0.64106935,0.511433,None,None,None,3674.0,20.075003027915955,20.075003027915955,1.0
7070000,0.6030639,0.4877948,0.015557085,0.016666656,0.00030000004,3307.5,21.69150385260582,21.69150385260582,1.0
7080000,0.64722246,0.3531879,None,None,None,6590.5,16.15850369632244,16.15850369632244,1.0
7090000,0.6876884,0.49376565,0.014666758,0.014629018,0.00030000004,3632.0,20.783503651618958,20.783503651618958,1.0
7100000,0.6729734,0.50550205,None,None,None,None,19.534003019332886,19.534003019332886,1.0
7110000,0.6852671,0.34001085,0.01539988,0.015746262,0.00030000004,2923.5,19.934003949165344,19.934003949165344,1.0
7120000,0.7117136,0.50176346,None,None,None,None,22.217002391815186,22.217002391815186,1.0
7130000,0.6959142,0.35056803,0.013635614,0.016884224,0.00030000004,4174.25,19.44975335896015,19.44975335896015,1.0
7140000,0.67982566,0.3935636,None,None,None,3915.0,20.084004163742065,20.084004163742065,1.0
7150000,0.65647095,0.42708147,0.013046379,0.015843323,0.00030000004,3121.0,20.450003147125244,20.450003147125244,1.0
7160000,0.6800034,0.38195336,None,None,None,5099.0,19.46680367588997,19.46680367588997,1.0
7170000,0.6160513,0.2998603,0.012275543,0.014836035,0.00030000004,4454.333333333333,19.37800391515096,19.37800391515096,1.0
7180000,0.63204783,0.5180993,None,None,None,5015.666666666667,19.6500040491422,19.6500040491422,1.0
7190000,0.6588039,0.36773047,0.015482261,0.018393997,0.00030000004,4832.5,21.117002964019775,21.117002964019775,1.0
7200000,0.64823556,0.41478214,None,None,None,None,20.716004073619843,20.716004073619843,1.0
7210000,0.6568787,0.47680673,None,None,None,4132.5,20.616503193974495,20.616503193974495,1.0
7220000,0.6475885,0.30492905,0.016734418,0.020655839,0.00030000004,5269.75,18.979253597557545,18.979253597557545,1.0
7230000,0.6376436,0.36645886,None,None,None,6582.5,16.416503071784973,16.416503071784973,1.0
7240000,0.6611542,0.46286884,0.011961636,0.015954282,0.00030000004,2999.0,19.500004291534424,19.500004291534424,1.0
7250000,0.6226716,0.41111282,None,None,None,3489.0,20.533254101872444,20.533254101872444,1.0
7260000,0.6664833,0.41391152,0.013589998,0.017209904,0.00030000004,2949.5,20.505337595939636,20.505337595939636,1.0
7270000,0.76222545,0.4689793,None,None,None,2883.0,22.116004467010498,22.116004467010498,1.0
7280000,0.7409074,0.4254873,0.014751386,0.017747808,0.00030000004,9383.0,15.616003721952438,15.616003721952438,1.0
7290000,0.76475316,0.39702123,None,None,None,None,None,None,1.0
7300000,0.70640534,0.3811622,0.013346034,0.019907486,0.00030000004,5676.666666666667,-10.000001192092896,-10.000001192092896,1.0
7310000,0.67488146,0.40085173,None,None,None,4332.5,19.903403639793396,19.903403639793396,1.0
7320000,0.57698673,0.34078372,0.0154744955,0.02018876,0.00030000004,3715.5,21.561003784338634,21.561003784338634,1.0
7330000,0.6923581,0.4696725,None,None,None,2482.0,21.017003536224365,21.017003536224365,1.0
7340000,0.7265542,0.57611376,0.013727331,0.012621733,0.00030000004,3982.5,20.016503870487213,20.016503870487213,1.0
7350000,0.6896278,0.22034708,None,None,None,2932.0,20.56700325012207,20.56700325012207,1.0
7360000,0.76502824,0.44424257,0.010124893,0.015285895,0.00030000004,4266.0,20.233003556728363,20.233003556728363,1.0
7370000,0.78504074,0.43828,None,None,None,5766.0,19.23300325870514,19.23300325870514,1.0
7380000,0.7697097,0.3541155,0.013438185,0.01466894,0.00030000004,9999.0,13.500003457069397,13.500003457069397,1.0
7390000,0.7300888,0.30766803,None,None,None,3788.0,19.377670486768086,19.377670486768086,1.0
7400000,0.64933187,0.33769694,None,None,None,4699.0,21.30000427365303,21.30000427365303,1.0
7410000,0.6589177,0.33455196,0.011637305,0.016744616,0.00030000004,2893.3333333333335,19.933504104614258,19.933504104614258,1.0
7420000,0.6411835,0.43829298,None,None,None,3682.5,20.52767054239909,20.52767054239909,1.0
7430000,0.6135282,0.27331147,0.013769499,0.015610716,0.00030000004,8132.333333333333,6.866668283939362,6.866668283939362,1.0
7440000,0.61301965,0.4191312,None,None,None,6557.5,17.441503316164017,17.441503316164017,1.0
7450000,0.6069859,0.49478555,0.01108131,0.01863694,0.00030000004,4777.0,19.888670762379963,19.888670762379963,1.0
7460000,0.57598287,0.39043206,None,None,None,5260.0,20.108502984046936,20.108502984046936,1.0
7470000,0.59292614,0.519776,0.015647715,0.015637899,0.00030000004,6449.0,16.27500346302986,16.27500346302986,1.0
7480000,0.66224414,0.3111789,None,None,None,7289.0,17.387503370642662,17.387503370642662,1.0
7490000,0.600202,0.5045945,0.015750807,0.016803714,0.00030000004,3132.25,15.093403071165085,15.093403071165085,1.0
7500000,0.5512002,0.51481605,None,None,None,2876.6666666666665,19.789003769556682,19.789003769556682,1.0
7510000,0.52352715,0.4496768,0.017022828,0.015208854,0.00030000004,None,None,None,1.0
7520000,0.57003504,0.52389365,None,None,None,6174.0,16.325002908706665,16.325002908706665,1.0
7530000,0.601878,0.532054,None,None,None,None,None,None,1.0
7540000,0.6900904,0.42706186,0.014506548,0.018068371,0.00030000004,4307.0,21.767003774642944,21.767003774642944,1.0
7550000,0.6182831,0.43250203,None,None,None,3465.6,20.714004000027973,20.714004000027973,1.0
7560000,0.5351108,0.37950295,0.016929315,0.021452012,0.00030000004,2765.0,20.734004020690918,20.734004020690918,1.0
7570000,0.5274262,0.4747258,None,None,None,4665.5,19.833503797650337,19.833503797650337,1.0
7580000,0.64534366,0.54593116,0.014831332,0.015979351,0.00030000004,3124.5,20.87450349330902,20.87450349330902,1.0
7590000,0.6152256,0.38440737,None,None,None,5299.25,18.949753887951374,18.949753887951374,1.0
7600000,0.64862216,0.38852292,0.014123098,0.013265455,0.00030000004,3466.0,20.03300404548645,20.03300404548645,1.0
7610000,0.69847685,0.56139386,None,None,None,4632.0,19.86700451374054,19.86700451374054,1.0
7620000,0.7180309,0.38276652,0.015432362,0.018246239,0.00030000004,3632.5,19.86650401353836,19.86650401353836,1.0
7630000,0.6571392,0.4236251,None,None,None,2999.0,20.833337207635243,20.833337207635243,1.0
7640000,0.6712258,0.39484408,0.0113129215,0.015393859,0.00030000004,5249.0,20.950004309415817,20.950004309415817,1.0
7650000,0.6699357,0.36849776,None,None,None,2549.0,20.150003612041473,20.150003612041473,1.0
7660000,0.60446984,0.5479082,0.013321784,0.017903801,0.00030000004,8140.5,20.71700343489647,20.71700343489647,1.0
7670000,0.5886359,0.36270776,None,None,None,2999.0,18.500003844499588,18.500003844499588,1.0
7680000,0.5846429,0.38903072,0.013481292,0.015847791,0.00030000004,3860.0,19.47233708699544,19.47233708699544,1.0
7690000,0.6061785,0.43379205,None,None,None,3499.0,21.500004053115845,21.500004053115845,1.0
7700000,0.5532348,0.4169324,None,None,None,6945.0,15.927670031785965,15.927670031785965,1.0
7710000,0.57668805,0.41919968,0.015088339,0.019275654,0.00030000004,3099.0,20.15825416147709,20.15825416147709,1.0
7720000,0.6050746,0.42604408,None,None,None,None,None,None,1.0
7730000,0.57122,0.4974318,0.014712954,0.020025212,0.00030000004,None,None,None,1.0
7740000,0.6049292,0.3821136,None,None,None,3510.3333333333335,20.322003563245136,20.322003563245136,1.0
7750000,0.6122757,0.440235,0.013310521,0.017039035,0.00030000004,2648.6666666666665,21.18367063999176,21.18367063999176,1.0
7760000,0.6456807,0.3603652,None,None,None,8599.0,15.900002598762512,15.900002598762512,1.0
7770000,0.57575566,0.44858593,0.013629232,0.017001064,0.0003,3518.5,20.216603660583495,20.216603660583495,1.0
7780000,0.5345306,0.41807124,None,None,None,3907.0,22.09200370311737,22.09200370311737,1.0
7790000,0.5504864,0.47845107,0.014571021,0.018956712,0.00030000004,3349.0,18.80000352859497,18.80000352859497,1.0
7800000,0.4749683,0.48240176,None,None,None,4157.0,20.77800424893697,20.77800424893697,1.0
7810000,0.49406528,0.47123456,0.018506682,0.015781315,0.00030000004,7593.333333333333,19.108503311872482,19.108503311872482,1.0
7820000,0.44564426,0.48743755,None,None,None,5387.666666666667,16.458502992987633,16.458502992987633,1.0
7830000,0.48816425,0.47138464,0.013588897,0.017155787,0.00030000004,4171.333333333333,21.850003123283386,21.850003123283386,1.0
7840000,0.48711443,0.48411918,None,None,None,6688.0,15.579002872109413,15.579002872109413,1.0
7850000,0.5633657,0.50920796,None,None,None,3091.0,20.68867067495982,20.68867067495982,1.0
7860000,0.4835766,0.5388345,0.017774226,0.01892219,0.00030000004,6482.5,17.01650384068489,17.01650384068489,1.0
7870000,0.53801405,0.58295083,None,None,None,3482.5,20.350003123283386,20.350003123283386,1.0
7880000,0.5827392,0.48718032,0.01654287,0.018808221,0.00030000004,None,20.683003664016724,20.683003664016724,1.0
7890000,0.60622895,0.45774207,None,None,None,None,None,None,1.0
7900000,0.5811121,0.46939242,0.015305756,0.017697265,0.00030000004,3141.0,21.108003318309784,21.108003318309784,1.0
7910000,0.61750925,0.41756886,None,None,None,3735.3333333333335,20.609804224967956,20.609804224967956,1.0
7920000,0.61418205,0.36008283,0.012111052,0.017787267,0.00030000004,3199.0,21.211003720760345,21.211003720760345,1.0
7930000,0.5597185,0.44882673,None,None,None,3486.75,20.512253746390343,20.512253746390343,1.0
7940000,0.5761714,0.5754031,0.013605286,0.018357504,0.00030000004,6299.0,18.333004862070084,18.333004862070084,1.0
7950000,0.61768836,0.37158382,None,None,None,3132.0,19.467003017663956,19.467003017663956,1.0
7960000,0.64572537,0.49980864,0.013348487,0.016422072,0.00030000004,None,None,None,1.0
7970000,0.6739211,0.4362677,None,None,None,9999.0,10.00000250339508,10.00000250339508,1.0
7980000,0.6562163,0.3668237,0.01422526,0.017879033,0.00030000004,4226.333333333333,19.550503939390182,19.550503939390182,1.0
7990000,0.76580554,0.39122263,None,None,None,3039.0,20.419503549734753,20.419503549734753,1.0
8000000,0.6685068,0.40821847,0.013258824,0.020099103,0.00030000004,3099.0,20.400003612041473,20.400003612041473,1.0
8010000,0.73513556,0.4237134,None,None,None,None,None,None,1.0
8020000,0.76205087,0.5189955,0.014498979,0.017492997,0.00030000004,3254.6666666666665,19.64150369167328,19.64150369167328,1.0
8030000,0.7641896,0.3089201,None,None,None,6262.2,19.02233688036601,19.02233688036601,1.0
8040000,0.6744249,0.39338377,0.012752179,0.014760943,0.00030000004,6843.333333333333,18.15567021568616,18.15567021568616,1.0
8050000,0.6707734,0.43460774,None,None,None,2666.0,19.833004474639893,19.833004474639893,1.0
8060000,0.6946341,0.47428244,0.017483635,0.014270037,0.00030000004,3315.5,20.68350327014923,20.68350327014923,1.0
8070000,0.5722517,0.53016937,None,None,None,3082.5,20.916504502296448,20.916504502296448,1.0
8080000,0.7021584,0.39444062,0.014914978,0.013663975,0.00030000004,3382.3333333333335,20.35850352048874,20.35850352048874,1.0
8090000,0.74183756,0.5155345,None,None,None,None,19.63300359249115,19.63300359249115,1.0
8100000,0.6877277,0.49167934,None,None,None,5632.333333333333,20.80000388622284,20.80000388622284,1.0
8110000,0.6191522,0.40051723,0.0142797055,0.018533142,0.0003,9999.0,14.500002406537533,14.500002406537533,1.0
8120000,0.68830013,0.36566907,None,None,None,3390.5,21.634002923965454,21.634002923965454,1.0
8130000,0.6257366,0.47094932,0.015232146,0.014463008,0.00030000004,9999.0,18.041503816843033,18.041503816843033,1.0
8140000,0.622633,0.38626838,None,None,None,3625.6,19.773403310775755,19.773403310775755,1.0
8150000,0.6123657,0.34660497,0.014317918,0.014469377,0.00030000004,3643.3333333333335,20.52233686049779,20.52233686049779,1.0
8160000,0.69509846,0.46617594,None,None,None,3090.5,20.908503472805023,20.908503472805023,1.0
8170000,0.71043706,0.5423415,0.014734168,0.018090237,0.00030000004,3657.0,19.950004160404205,19.950004160404205,1.0
8180000,0.6516307,0.32413805,None,None,None,2882.0,21.425503969192505,21.425503969192505,1.0
8190000,0.7157125,0.44593126,0.014152302,0.02104265,0.00030000004,5966.0,19.033004343509674,19.033004343509674,1.0
8200000,0.6946867,0.49668708,None,None,None,9999.0,14.50000387430191,14.50000387430191,1.0
8210000,0.6501319,0.33212686,0.0111387195,0.016725313,0.00030000004,2649.0,20.400003671646118,20.400003671646118,1.0
8220000,0.63151455,0.40938172,None,None,None,3866.0,19.19150400161743,19.19150400161743,1.0
8230000,0.7154003,0.32209626,0.0119632315,0.020127743,0.00030000004,3457.5,20.541503697633743,20.541503697633743,1.0
8240000,0.63740706,0.37042475,None,None,None,5493.666666666667,18.505337794621784,18.505337794621784,1.0
8250000,0.6270677,0.42594603,0.014663476,0.016517906,0.00030000004,6732.25,20.189003845055897,20.189003845055897,1.0
8260000,0.5020603,0.28543374,None,None,None,5571.333333333333,17.445753037929535,17.445753037929535,1.0
8270000,0.6129386,0.53067607,None,None,None,None,None,None,1.0
8280000,0.59523773,0.44178924,0.014724147,0.015237018,0.00030000004,None,None,None,1.0
8290000,0.63655394,0.398959,None,None,None,5454.333333333333,19.5446704129378,19.5446704129378,1.0
8300000,0.67079246,0.38537893,0.0129398145,0.016695738,0.00030000004,4987.666666666667,18.84467037518819,18.84467037518819,1.0
8310000,0.61246186,0.34704062,None,None,None,5843.666666666667,19.322003106276195,19.322003106276195,1.0
8320000,0.6375397,0.45059326,0.015716484,0.012306316,0.00030000004,3699.0,19.300002813339233,19.300002813339233,1.0
8330000,0.5899971,0.43093434,None,None,None,4216.0,20.283003091812134,20.283003091812134,1.0
8340000,0.62976116,0.45161203,0.013336339,0.01614046,0.00030000004,3049.0,20.450003534555435,20.450003534555435,1.0
8350000,0.55650127,0.26252112,None,None,None,4788.333333333333,19.877336740493774,19.877336740493774,1.0
8360000,0.56482273,0.44000652,0.013610346,0.016483365,0.00030000004,3316.0,20.683003962039948,20.683003962039948,1.0
8370000,0.552832,0.3823886,None,None,None,7099.0,19.300003230571747,19.300003230571747,1.0
8380000,0.5142916,0.44777384,0.012907462,0.020607432,0.00030000004,3665.5,18.38900379339854,18.38900379339854,1.0
8390000,0.617724,0.3812393,None,None,None,9999.0,16.00000351667404,16.00000351667404,1.0
8400000,0.5889255,0.5136669,0.013922596,0.017431557,0.00030000004,5476.666666666667,16.70000347495079,16.70000347495079,1.0
8410000,0.57265127,0.32521006,None,None,None,4140.5,20.961336851119995,20.961336851119995,1.0
8420000,0.5775501,0.39986035,0.014026957,0.01800891,0.00030000004,4665.75,19.99150323867798,19.99150323867798,1.0
8430000,0.642485,0.41497037,None,None,None,None,20.175003364682198,20.175003364682198,1.0
8440000,0.56095785,0.36674705,0.014038661,0.014544583,0.00030000004,4668.0,19.331003742558615,19.331003742558615,1.0
8450000,0.6342169,0.44311494,None,None,None,3982.0,21.017004013061523,21.017004013061523,1.0
8460000,0.63067997,0.42329043,0.015753148,0.022744637,0.00030000004,5111.5,16.7835031747818,16.7835031747818,1.0
8470000,0.6319074,0.48456737,None,None,None,4282.0,21.900003790855408,21.900003790855408,1.0
8480000,0.71984655,0.44767314,None,None,None,None,None,None,1.0
8490000,0.71223116,0.5402415,0.016837863,0.0138236275,0.00030000004,None,None,None,1.0
8500000,0.6703939,0.38757095,None,None,None,4649.0,19.600003451108932,19.600003451108932,1.0
8510000,0.5469861,0.39620614,0.017691024,0.014959308,0.00030000004,5128.0,20.994670629501343,20.994670629501343,1.0
8520000,0.55642164,0.37848803,None,None,None,3449.0,18.025004029273987,18.025004029273987,1.0
8530000,0.5165778,0.54797655,0.014477981,0.018547302,0.00030000004,3207.5,21.041504502296448,21.041504502296448,1.0
8540000,0.53713936,0.52061963,None,None,None,2932.0,None,None,1.0
8550000,0.5300773,0.45546883,0.019134315,0.016879527,0.00030000004,4257.5,20.275003373622894,20.275003373622894,1.0
8560000,0.5381888,0.4774644,None,None,None,3549.0,20.725003480911255,20.725003480911255,1.0
8570000,0.5332197,0.48842043,0.014243727,0.017344212,0.00030000004,3933.0,20.56600421667099,20.56600421667099,1.0
8580000,0.53145325,0.4901761,None,None,None,2982.0,20.767004191875458,20.767004191875458,1.0
8590000,0.48872125,0.35410133,0.012880188,0.014331449,0.00030000004,3469.75,21.062003578458512,21.062003578458512,1.0
8600000,0.49697238,0.44035596,None,None,None,4615.5,20.189004004001617,20.189004004001617,1.0
8610000,0.45815992,0.5770684,0.013446058,0.0135264555,0.00030000004,5699.0,None,None,1.0
8620000,0.5080425,0.53821546,None,None,None,None,19.300003707408905,19.300003707408905,1.0
8630000,0.50134623,0.4383761,0.015420768,0.014263311,0.00030000004,3607.25,20.266753405332565,20.266753405332565,1.0
8640000,0.5136021,0.4414218,None,None,None,3257.0,20.492003917694092,20.492003917694092,1.0
8650000,0.53527033,0.51218235,0.015085744,0.01702768,0.00030000004,3387.6666666666665,None,None,1.0
8660000,0.5507734,0.50286525,None,None,None,2499.0,20.333503998816013,20.333503998816013,1.0
8670000,0.54051197,0.45796713,None,None,None,5521.333333333333,18.97767048080762,18.97767048080762,1.0
8680000,0.5455312,0.4432868,0.014347296,0.0140389865,0.00030000004,4940.75,19.30825373530388,19.30825373530388,1.0
8690000,0.5272667,0.5449347,None,None,None,6533.0,20.966003894805908,20.966003894805908,1.0
8700000,0.5516425,0.47447577,0.014150416,0.015450319,0.00030000004,5149.333333333333,18.133003771305084,18.133003771305084,1.0
8710000,0.49570364,0.5164633,None,None,None,9999.0,1.594334562619527,1.594334562619527,1.0
8720000,0.54605424,0.48193607,0.016230676,0.017368848,0.00030000004,2466.0,21.033003330230713,21.033003330230713,1.0
8730000,0.5849725,0.4962193,None,None,None,4349.0,20.65000319480896,20.65000319480896,1.0
8740000,0.5415034,0.506864,0.015513378,0.018942103,0.0003,4273.75,20.072337488333385,20.072337488333385,1.0
8750000,0.55449843,0.39946645,None,None,None,None,22.184003680944443,22.184003680944443,1.0
8760000,0.530682,0.54967093,0.01548922,0.015863504,0.00030000004,3438.0,20.51650333404541,20.51650333404541,1.0
8770000,0.5347102,0.4246265,None,None,None,3266.0,21.19150334596634,21.19150334596634,1.0
8780000,0.56222576,0.3535573,None,None,None,3399.0,21.10000455379486,21.10000455379486,1.0
8790000,0.5433504,0.45404541,0.011623992,0.017085735,0.00030000004,4311.75,20.187253266572952,20.187253266572952,1.0
8800000,0.46409622,0.4296912,None,None,None,3599.0,20.06667039791743,20.06667039791743,1.0
8810000,0.4890494,0.40718648,0.0134288855,0.019276462,0.00030000004,8266.0,18.73300412297249,18.73300412297249,1.0
8820000,0.4560634,0.3859991,None,None,None,4082.0,21.0836704770724,21.0836704770724,1.0
8830000,0.52391,0.46491724,0.015729863,0.015919624,0.00030000004,5315.5,22.0670028924942,22.0670028924942,1.0
8840000,0.49089554,0.44627064,None,None,None,3249.0,19.433336794376373,19.433336794376373,1.0
8850000,0.5992772,0.47922453,0.014357165,0.014293548,0.00030000004,None,None,None,1.0
8860000,0.589309,0.39101893,None,None,None,6932.5,17.8165033608675,17.8165033608675,1.0
8870000,0.5285477,0.39140204,0.014857976,0.021770263,0.00030000004,6866.0,18.133003190159798,18.133003190159798,1.0
8880000,0.5662987,0.35712323,None,None,None,3465.5,20.908503502607346,20.908503502607346,1.0
8890000,0.61598605,0.39807865,0.014076191,0.022079783,0.00030000004,6257.5,19.241502970457077,19.241502970457077,1.0
8900000,0.6466597,0.47872567,None,None,None,6476.666666666667,20.283504486083984,20.283504486083984,1.0
8910000,0.57593006,0.44528264,0.012021518,0.016094027,0.00030000004,5571.333333333333,15.094336320956549,15.094336320956549,1.0
8920000,0.55367666,0.40343562,None,None,None,3757.0,19.661336769660313,19.661336769660313,1.0
8930000,0.5362129,0.55513054,0.017805409,0.020170929,0.00030000004,3799.0,19.700003574291866,19.700003574291866,1.0
8940000,0.4671499,0.5229433,None,None,None,3324.0,20.67500376701355,20.67500376701355,1.0
8950000,0.4856992,0.4696276,0.017664038,0.020076884,0.00030000004,3490.75,20.627670447031658,20.627670447031658,1.0
8960000,0.5649989,0.5196601,None,None,None,2840.5,20.258503913879395,20.258503913879395,1.0
8970000,0.5978707,0.5005564,0.015912374,0.014743536,0.00030000004,9999.0,18.475003503262997,18.475003503262997,1.0
8980000,0.6984353,0.47748202,None,None,None,2982.0,21.017003059387207,21.017003059387207,1.0
8990000,0.5881486,0.4459448,None,None,None,3466.0,20.033003330230713,20.033003330230713,1.0
9000000,0.6114409,0.46520364,0.014114237,0.01463211,0.00030000004,3161.5,20.361003518104553,20.361003518104553,1.0
9010000,0.5686814,0.4202175,None,None,None,5260.0,18.62100413441658,18.62100413441658,1.0
9020000,0.485231,0.43915784,0.013612588,0.018012244,0.00030000004,3287.6666666666665,21.13350337743759,21.13350337743759,1.0
9030000,0.5156546,0.46368533,None,None,None,4504.666666666667,19.962503522634506,19.962503522634506,1.0
9040000,0.5061372,0.49426395,0.013893063,0.020637939,0.00030000004,None,None,None,1.0
9050000,0.508175,0.4868399,None,None,None,4815.5,20.183504045009613,20.183504045009613,1.0
9060000,0.5338796,0.5498373,0.01355664,0.016145298,0.0003,3866.0,None,None,1.0
9070000,0.56254303,0.41833284,None,None,None,5916.0,18.59967025121053,18.59967025121053,1.0
9080000,0.578275,0.42913198,0.015334495,0.015464845,0.00030000004,3024.0,20.97500377893448,20.97500377893448,1.0
9090000,0.57316583,0.39623815,None,None,None,7941.0,16.50000262260437,16.50000262260437,1.0
9100000,0.55090344,0.4163516,0.012343776,0.014687508,0.00030000004,3978.25,20.23980333805084,20.23980333805084,1.0
9110000,0.5673021,0.4204317,None,None,None,3532.5,20.46650418639183,20.46650418639183,1.0
9120000,0.52117413,0.44172296,0.014554131,0.017118879,0.00030000004,4866.0,20.283003568649292,20.283003568649292,1.0
9130000,0.43720305,0.43772936,None,None,None,3116.0,18.783003255724907,18.783003255724907,1.0
9140000,0.54394007,0.4709015,None,None,None,None,None,None,1.0
9150000,0.60487074,0.4621593,0.012736014,0.019694027,0.00030000004,5345.6,19.566753715276718,19.566753715276718,1.0
9160000,0.5242358,0.42316592,None,None,None,5154.333333333333,17.25850334763527,17.25850334763527,1.0
9170000,0.52429533,0.37780696,0.014850064,0.014153508,0.00030000004,2590.5,19.908503830432892,19.908503830432892,1.0
9180000,0.61786735,0.6096184,None,None,None,3215.5,21.333004653453827,21.333004653453827,1.0
9190000,0.5656205,0.48889813,0.016758168,0.022949385,0.00030000004,9999.0,15.867002502083778,15.867002502083778,1.0
9200000,0.55826664,0.39312848,None,None,None,None,None,None,1.0
9210000,0.5698274,0.5701697,0.012584782,0.013352379,0.00030000004,4066.0,20.43300324678421,20.43300324678421,1.0
9220000,0.5526507,0.37530294,None,None,None,3404.3333333333335,21.094670295715332,21.094670295715332,1.0
9230000,0.5656025,0.3772268,0.01238018,0.017938979,0.00030000004,4861.5,20.637503303587437,20.637503303587437,1.0
9240000,0.52685696,0.43052194,None,None,None,3699.0,20.700004160404205,20.700004160404205,1.0
9250000,0.50263065,0.41907433,0.0145615805,0.017582772,0.00030000004,7827.0,17.504003271460533,17.504003271460533,1.0
9260000,0.45826685,0.4118312,None,None,None,4399.0,20.62500400841236,20.62500400841236,1.0
9270000,0.45918944,0.513476,0.016563656,0.01657911,0.00030000004,3749.0,20.437504455447197,20.437504455447197,1.0
9280000,0.5096853,0.5380851,None,None,None,None,None,None,1.0
9290000,0.5445749,0.6066822,None,None,None,None,None,None,1.0
9300000,0.50921214,0.5197605,0.017536744,0.013699297,0.0003,2865.5,21.383503198623657,21.383503198623657,1.0
9310000,0.5519759,0.39386004,None,None,None,3074.5,20.424503326416016,20.424503326416016,1.0
9320000,0.58138543,0.41053015,0.01398593,0.01479178,0.00030000004,2916.0,22.083003997802734,22.083003997802734,1.0
9330000,0.631296,0.49724376,None,None,None,3132.0,21.867003321647644,21.867003321647644,1.0
9340000,0.59467196,0.33550945,0.011500815,0.021109428,0.00030000004,6549.0,12.000003218650818,12.000003218650818,1.0
9350000,0.5557491,0.3721421,None,None,None,3782.0,21.058503925800323,21.058503925800323,1.0
9360000,0.5447397,0.4166201,0.011208839,0.020530622,0.00030000004,4619.0,19.15425357222557,19.15425357222557,1.0
9370000,0.5302237,0.38037664,None,None,None,4176.666666666667,20.39467050631841,20.39467050631841,1.0
9380000,0.50768244,0.39022657,0.013881569,0.019565921,0.00030000004,6799.0,18.91650351136923,18.91650351136923,1.0
9390000,0.44208717,0.47964898,None,None,None,5088.0,19.244336754083633,19.244336754083633,1.0
9400000,0.4554998,0.4449414,0.013319571,0.017719274,0.0003,3860.3333333333335,20.30533653497696,20.30533653497696,1.0
9410000,0.49810627,0.49709573,None,None,None,None,None,None,1.0
9420000,0.5644206,0.5264637,0.015763778,0.016958704,0.00030000004,6515.0,17.98400366306305,17.98400366306305,1.0
9430000,0.5328775,0.4144477,None,None,None,None,None,None,1.0
9440000,0.49423087,0.38975257,None,None,None,3032.0,20.467003405094147,20.467003405094147,1.0
9450000,0.56837606,0.41216707,0.012456913,0.019731043,0.00030000004,5198.8,19.071003943681717,19.071003943681717,1.0
9460000,0.54007405,0.34537825,None,None,None,6557.5,19.866670032342274,19.866670032342274,1.0
9470000,0.5567406,0.38416585,0.012764395,0.018915754,0.00030000004,3215.5,20.283504366874695,20.283504366874695,1.0
9480000,0.51882035,0.47850573,None,None,None,3348.5,20.400503873825073,20.400503873825073,1.0
9490000,0.54634076,0.36760244,0.014668423,0.017467123,0.00030000004,3799.0,19.825003534555435,19.825003534555435,1.0
9500000,0.49075884,0.48054853,None,None,None,7449.0,17.05000352859497,17.05000352859497,1.0
9510000,0.52696323,0.5491358,0.012604718,0.014336993,0.00030000004,None,None,None,1.0
9520000,0.5886346,0.4744464,None,None,None,2833.0,19.666003227233887,19.666003227233887,1.0
9530000,0.5761764,0.4044098,0.015734265,0.01749617,0.00030000004,3149.0,19.35000342130661,19.35000342130661,1.0
9540000,0.5952034,0.3474885,None,None,None,5410.333333333333,17.088670273621876,17.088670273621876,1.0
9550000,0.58869225,0.39985293,0.011345808,0.015470823,0.00030000004,5149.0,None,None,1.0
9560000,0.6629843,0.38282478,None,None,None,3065.5,20.072337021430332,20.072337021430332,1.0
9570000,0.7446071,0.40071845,0.012642542,0.018271303,0.00030000004,3232.3333333333335,20.933337132136028,20.933337132136028,1.0
9580000,0.6247231,0.28037336,None,None,None,3599.3333333333335,20.899670640627544,20.899670640627544,1.0
9590000,0.5953843,0.36366466,0.011438401,0.014201623,0.00030000004,5240.5,18.00566965341568,18.00566965341568,1.0
9600000,0.6556122,0.43526372,None,None,None,6457.0,20.800504088401794,20.800504088401794,1.0
9610000,0.6551422,0.4794078,None,None,None,4983.0,18.258003294467926,18.258003294467926,1.0
9620000,0.6519699,0.45325756,0.015442415,0.017224384,0.0003,8766.0,17.73300337791443,17.73300337791443,1.0
9630000,0.6177156,0.35835543,None,None,None,5249.0,18.833337371548016,18.833337371548016,1.0
9640000,0.5575647,0.40446013,0.015461458,0.019362178,0.00030000004,5299.0,19.033336599667866,19.033336599667866,1.0
9650000,0.58791804,0.5115668,None,None,None,3099.0,21.400002419948578,21.400002419948578,1.0
9660000,0.5685505,0.47735494,0.015797976,0.016492145,0.00030000004,2877.0,20.622003734111786,20.622003734111786,1.0
9670000,0.562324,0.44355506,None,None,None,3066.0,20.933002769947052,20.933002769947052,1.0
9680000,0.5355449,0.59229267,0.013496069,0.021644622,0.0003,3666.0,None,None,1.0
9690000,0.56497407,0.38276434,None,None,None,None,20.833003401756287,20.833003401756287,1.0
9700000,0.59502226,0.4353524,0.013473864,0.015819933,0.00030000004,3249.0,19.575003147125244,19.575003147125244,1.0
9710000,0.63513464,0.5208771,None,None,None,2966.0,20.722003479798634,20.722003479798634,1.0
9720000,0.60546225,0.2568709,0.01364237,0.017708464,0.00030000004,5953.25,16.450003266334534,16.450003266334534,1.0
9730000,0.62537706,0.43659943,None,None,None,5799.0,18.108253620564938,18.108253620564938,1.0
9740000,0.6193949,0.4480901,None,None,None,4626.666666666667,20.872337073087692,20.872337073087692,1.0
9750000,0.5080045,0.43619967,0.0155059965,0.01911706,0.00030000004,3065.5,20.933504283428192,20.933504283428192,1.0
9760000,0.54228973,0.60933274,None,None,None,2999.0,19.500003814697266,19.500003814697266,1.0
9770000,0.49530867,0.41142884,0.016537657,0.017446626,0.00030000004,7932.0,17.317003518342972,17.317003518342972,1.0
9780000,0.5260981,0.5060215,None,None,None,2757.0,20.742003321647644,20.742003321647644,1.0
9790000,0.5916867,0.42275414,0.013664671,0.021156512,0.00030000004,3328.8,21.070203804969786,21.070203804969786,1.0
9800000,0.5665756,0.45880526,None,None,None,None,None,None,1.0
9810000,0.5980777,0.37166312,0.013837641,0.02119894,0.00030000004,3726.6666666666665,19.93900430202484,19.93900430202484,1.0
9820000,0.616722,0.5727378,None,None,None,7432.0,19.067004203796387,19.067004203796387,1.0
9830000,0.5687921,0.3668071,0.012170849,0.01425733,0.00030000004,3504.3333333333335,20.667003631591797,20.667003631591797,1.0
9840000,0.5976209,0.45686856,None,None,None,None,20.65000307559967,20.65000307559967,1.0
9850000,0.64475304,0.31616127,0.015953107,0.025396738,0.00030000004,3265.3333333333335,20.86700350046158,20.86700350046158,1.0
9860000,0.53099865,0.5004522,None,None,None,6190.5,12.528002818425497,12.528002818425497,1.0
9870000,0.46467286,0.3581902,0.013616129,0.019299371,0.00030000004,3654.6666666666665,20.38300471007824,20.38300471007824,1.0
9880000,0.469337,0.46271247,None,None,None,3249.0,20.258503437042236,20.258503437042236,1.0
9890000,0.5405861,0.37650073,None,None,None,4011.5,20.487503848969936,20.487503848969936,1.0
9900000,0.5246519,0.39985114,0.011657341,0.013285465,0.00030000004,6257.5,16.241502344608307,16.241502344608307,1.0
9910000,0.47519368,0.46975297,None,None,None,6840.75,17.533252827823162,17.533252827823162,1.0
9920000,0.47842935,0.46162936,0.01469877,0.016415544,0.00030000004,2899.0,19.600003957748413,19.600003957748413,1.0
9930000,0.46618745,0.43828413,None,None,None,4140.75,20.608253970742226,20.608253970742226,1.0
9940000,0.48837304,0.5777221,0.017894309,0.015731608,0.00030000004,None,None,None,1.0
9950000,0.47831586,0.5164152,None,None,None,3416.0,21.083003282546997,21.083003282546997,1.0
9960000,0.51276267,0.48433736,0.01403127,0.016989706,0.00030000004,2924.0,21.325003385543823,21.325003385543823,1.0
9970000,0.50749546,0.34081167,None,None,None,5299.333333333333,19.19967011610667,19.19967011610667,1.0
9980000,0.5016864,0.43952832,0.013715873,0.01337238,0.00030000004,None,None,None,1.0
9990000,0.5020184,0.4630518,None,None,None,4495.0,18.838669697443645,18.838669697443645,1.0
10000000,0.53151697,0.44431508,0.013881056,0.01527349,0.00030000004,3065.6666666666665,20.325003623962402,20.325003623962402,1.0
10010000,0.5691965,0.33286044,None,None,None,5078.25,19.295754060149193,19.295754060149193,1.0
10020000,0.47388473,0.4759658,0.0098360535,0.01581564,0.00030000004,4265.0,None,None,1.0
10030000,0.4403936,0.5336877,None,None,None,None,22.234004259109497,22.234004259109497,1.0
10040000,0.5243785,0.35035485,0.014688873,0.020576367,0.00030000004,6421.0,16.342003732919693,16.342003732919693,1.0
10050000,0.5583011,0.4566063,None,None,None,5316.0,19.36650362610817,19.36650362610817,1.0
10060000,0.49439454,0.42500085,0.014553698,0.019838415,0.00030000004,3015.5,19.73350340127945,19.73350340127945,1.0
10070000,0.51276803,0.3946938,None,None,None,4432.0,19.067004203796387,19.067004203796387,1.0
10080000,0.5132051,0.43539122,None,None,None,6515.5,16.733502805233,16.733502805233,1.0
10090000,0.5305785,0.3811984,0.011940761,0.015754838,0.00030000004,5476.333333333333,15.52266937494278,15.52266937494278,1.0
10100000,0.51592016,0.41299224,None,None,None,4782.0,19.21700370311737,19.21700370311737,1.0
10110000,0.5229133,0.4456213,0.014237644,0.017787375,0.00030000004,4482.0,20.017004132270813,20.017004132270813,1.0
10120000,0.5052477,0.41600558,None,None,None,3715.6666666666665,19.950003961722057,19.950003961722057,1.0
10130000,0.5396947,0.36685884,0.013132212,0.013836441,0.00030000004,3824.0,20.175003945827484,20.175003945827484,1.0
10140000,0.55553806,0.46394816,None,None,None,None,None,None,1.0
10150000,0.54648614,0.38711601,0.013747852,0.016818903,0.00030000004,5538.333333333333,12.000001668930054,12.000001668930054,1.0
10160000,0.5715137,0.34624368,None,None,None,8816.0,18.68833698829015,18.68833698829015,1.0
10170000,0.5191726,0.3234576,0.012090224,0.018111328,0.00030000004,4865.75,19.383253403007984,19.383253403007984,1.0
10180000,0.5406558,0.49752322,None,None,None,2616.0,21.883002996444702,21.883002996444702,1.0
10190000,0.5565763,0.3244477,0.010561034,0.022256067,0.00030000004,2666.0,21.833003044128418,21.833003044128418,1.0
10200000,0.5491801,0.35226563,None,None,None,5511.25,18.492003098130226,18.492003098130226,1.0
10210000,0.49690202,0.40698764,0.012981332,0.018114096,0.00030000004,4482.5,20.125003784894943,20.125003784894943,1.0
10220000,0.49020225,0.37116447,None,None,None,4841.0,19.40800306200981,19.40800306200981,1.0
10230000,0.53980213,0.3830859,0.013135252,0.016822902,0.00030000004,None,None,None,1.0
10240000,0.48282474,0.32888168,None,None,None,7787.666666666667,14.250002950429916,14.250002950429916,1.0
10250000,0.48365977,0.40849033,None,None,None,None,21.13400435447693,21.13400435447693,1.0
10260000,0.48590356,0.32953474,0.011641986,0.01564962,0.00030000004,5086.5,13.412502214312553,13.412502214312553,1.0
10270000,0.5198032,0.42876005,None,None,None,5460.0,17.539003203312557,17.539003203312557,1.0
10280000,0.46557665,0.31714487,0.014056786,0.015710233,0.00030000004,9999.0,14.000002562999725,14.000002562999725,1.0
10290000,0.49494407,0.37419295,None,None,None,3028.0,19.596003711223602,19.596003711223602,1.0
10300000,0.45969838,0.44131923,0.013160468,0.016602961,0.00030000004,6811.25,18.750336796045303,18.750336796045303,1.0
10310000,0.42905608,0.34100592,None,None,None,5515.0,15.992003083229065,15.992003083229065,1.0
10320000,0.4521164,0.55949247,0.010881801,0.013903415,0.00030000004,None,None,None,1.0
10330000,0.5249257,0.401717,None,None,None,3333.0,None,None,1.0
10340000,0.4644742,0.36987385,0.016191278,0.015939852,0.00030000004,5077.0,20.48300352692604,20.48300352692604,1.0
10350000,0.4920185,0.34373963,None,None,None,3240.5,21.25850349664688,21.25850349664688,1.0
10360000,0.49002424,0.35708034,0.012676414,0.018041287,0.00030000004,3005.0,20.050003170967102,20.050003170967102,1.0
10370000,0.5289891,0.35309923,None,None,None,None,21.216002821922302,21.216002821922302,1.0
10380000,0.45924547,0.3544753,0.011956628,0.015885048,0.00030000004,5032.333333333333,19.96667029460271,19.96667029460271,1.0
10390000,0.44573686,0.265693,None,None,None,7715.5,17.533502861857414,17.533502861857414,1.0
10400000,0.49955305,0.40928477,0.014108022,0.018115418,0.00030000004,4083.0,21.166003465652466,21.166003465652466,1.0
10410000,0.51929843,0.40054008,None,None,None,None,19.16600388288498,19.16600388288498,1.0
10420000,0.5249621,0.34656197,0.012202212,0.020212522,0.00030000004,6893.333333333333,15.183503195643425,15.183503195643425,1.0
10430000,0.5400821,0.41056284,None,None,None,3066.0,20.44150349497795,20.44150349497795,1.0
10440000,0.44719598,0.3248198,None,None,None,5437.666666666667,16.89466981093089,16.89466981093089,1.0
10450000,0.48606902,0.4021745,0.015574338,0.0143757,0.00030000004,4293.666666666667,20.872003694375355,20.872003694375355,1.0
10460000,0.52625626,0.35991642,None,None,None,3921.3333333333335,20.911004344622295,20.911004344622295,1.0
10470000,0.53225446,0.40887022,0.011758283,0.017620381,0.00030000004,9999.0,None,None,1.0
10480000,0.5351984,0.35976794,None,None,None,4549.0,18.633336891730625,18.633336891730625,1.0
10490000,0.59966403,0.3542817,0.013084662,0.021730062,0.00030000004,3382.0,19.117003738880157,19.117003738880157,1.0
10500000,0.6231863,0.4463448,None,None,None,2716.0,21.78300428390503,21.78300428390503,1.0
10510000,0.6388672,0.2746706,0.0143457465,0.021239746,0.00030000004,2965.6666666666665,21.23350402712822,21.23350402712822,1.0
10520000,0.5477379,0.34823084,None,None,None,3665.0,19.733504056930542,19.733504056930542,1.0
10530000,0.56295717,0.29783195,0.009015168,0.016688293,0.00030000004,6973.75,19.5336707731088,19.5336707731088,1.0
10540000,0.5191657,0.38123396,None,None,None,6382.5,10.244335601727167,10.244335601727167,1.0
10550000,0.45154703,0.32041642,0.0105898725,0.017080856,0.00030000004,4104.666666666667,19.561003585656483,19.561003585656483,1.0
10560000,0.4763271,0.41702676,None,None,None,None,None,None,1.0
10570000,0.47332907,0.3938959,0.013599368,0.013609721,0.00030000004,5971.166666666667,17.69450334707896,17.69450334707896,1.0
10580000,0.4335926,0.38237002,None,None,None,3849.0,20.650005102157593,20.650005102157593,1.0
